Sample 1,Sample 2
43.98089,60.26373
12.58893,49.12973
6.10114,13.16404
47.18348,76.15852
46.87695,41.4002
39.3766,14.47232
32.57511,37.1221
24.46042,57.10482
12.51913,45.29162
21.62817,17.56276
52.1361,45.60713
39.72808,81.98641
